disease,deaths,cases,ratio_deaths
PELLAGRA,787,1029,76.48202137998055
INFLUENZA,23580,142951,16.495162678120476
TYPHOID FEVER,1100,18686,5.8867601412822435
SMALLPOX,20,9127,0.21913005368686314
